pair_id,req_id,test_id,tipo_classe,tfidf,jaccard,req_chars,code_chars,links_do_req,links_da_classe
12,UC40S2.txt,ViewVisitedHCPsAction.java,Action,0.04484851165335178,0.03636363636363636,1223,7356,0,3
29,UC40S4.txt,EditOfficeVisitAction.java,Action,0.03441946252206033,0.022598870056497175,447,15022,0,5
389,UC34S2.txt,ReportRequestDAO.java,DAO,0.11576816939667006,0.04807692307692308,319,8335,2,4
464,UC13.txt,DeclareHCPAction.java,Action,0.053345376931145355,0.029411764705882353,125,2968,3,1
517,UC1E1.txt,RemoteMonitoringDataBeanValidator.java,Validator,0.11004857091713935,0.0625,184,1492,1,2
569,UC5S2.txt,UpdateICDCodeListAction.java,Action,0.07440412296591317,0.046296296296296294,288,3147,1,1
602,UC23S3.txt,PatientLoader.java,Loader,0.07817777968245214,0.05714285714285714,699,5148,9,0
740,UC5S2.txt,ChronicDiseaseRiskAction.java,Action,0.13397626371795218,0.09859154929577464,288,2776,1,1
742,UC10S1.txt,HealthRecordFormValidator.java,Validator,0.17092847725561372,0.08045977011494253,658,1732,7,0
757,UC40S7.txt,LabProcedureDAO.java,DAO,0.2503894707419173,0.10619469026548672,396,11403,0,8
777,UC40S2.txt,PrescriptionReportAction.java,Action,0.09670570663295595,0.05172413793103448,1223,6484,0,0
793,UC9S2.txt,OfficeVisitDAO.java,DAO,0.07186817220937891,0.04716981132075472,808,23427,2,10
794,UC25.txt,ViewVisitedHCPsAction.java,Action,0.09667382531916054,0.06779661016949153,788,7356,3,3
